Id,Name
a02fj00000olo9nAAA,BFL
a02fj00000rpRhOAAU,Access Project
a02fj00000rpZBoAAM,Developer Project
a02fj00000ruwnzAAA,Flow Builder
a02fj00000ruwo0AAA,Security Model
a02fj00000ruwo1AAA,Migrate to flow
a02fj00000ruwo2AAA,LWC
a02fj00000ruwo3AAA,Advanced Programming
a02fj00000ruwo4AAA,Dashboard and Reports
a02fj00000ruwo5AAA,Analytics
a02fj00000ruwo6AAA,OOP using Apex
a02fj00000ruwo7AAA,JavaScript
a02fj00000ruwo8AAA,Data Migration Process
a02fj00000rv2zdAAA,Flow Builder
a02fj00000rv2zeAAA,Migrate to flow
a02fj00000rv2zfAAA,Advanced Programming
a02fj00000rv2zgAAA,Dashboard and Reports
a02fj00000rv2zhAAA,OOP using Apex
a02fj00000rv2ziAAA,JavaScript
a02fj00000rv2zjAAA,Data Migration Process
a02fj00000s9NuNAAU,a02fj00000s9NuN
a02fj00000s9NuOAAU,a02fj00000s9NuO
a02fj00000s9NuPAAU,a02fj00000s9NuP
a02fj00000s9NuQAAU,a02fj00000s9NuQ
a02fj00000s9NuRAAU,a02fj00000s9NuR
a02fj00000s9NuSAAU,a02fj00000s9NuS
a02fj00000s9NuTAAU,a02fj00000s9NuT
a02fj00000s9NuUAAU,a02fj00000s9NuU
a02fj00000s9NuVAAU,a02fj00000s9NuV
a02fj00000s9NuWAAU,a02fj00000s9NuW
a02fj00000tRT1YAAW,Test Access
a02fj00000tiDxzAAE,Test access rule
a02fj00000tkeZ3AAI,Rule1
